memberId,first_name,last_name,email,join_date,membership_expiry_date,membership_status
1,William,Miller,william.miller1@example.com,2022-12-28,2026-12-27,Active
2,Robert,Johnson,robert.johnson2@example.com,2022-10-13,2026-10-12,Active
3,Susan,Anderson,susan.anderson3@example.com,2026-01-19,2027-01-19,Active
4,Paul,Clark,paul.clark4@example.com,2023-09-29,2026-09-28,Active
5,Sarah,Smith,sarah.smith5@example.com,2025-05-04,2027-05-04,Active
6,Nancy,Miller,nancy.miller6@example.com,2022-04-27,2027-04-26,Active
7,Matthew,Miller,matthew.miller7@example.com,2026-01-21,2027-01-21,Active
8,Robert,Robinson,robert.robinson8@example.com,2024-07-24,2027-07-24,Active
9,Jennifer,Scott,jennifer.scott9@example.com,2023-07-27,2025-07-26,Expired
10,Michelle,White,michelle.white10@example.com,2024-12-06,2026-12-06,Active
11,Charles,Garcia,charles.garcia11@example.com,2023-05-04,2027-05-03,Active
12,Lisa,Hernandez,lisa.hernandez12@example.com,2021-10-12,2026-10-11,Active
13,John,Hill,john.hill13@example.com,2024-07-01,2027-07-01,Active
14,Matthew,Moore,matthew.moore14@example.com,2023-01-06,2027-01-05,Active
15,Joseph,Williams,joseph.williams15@example.com,2021-05-21,2027-05-20,Active
16,Christopher,Wilson,christopher.wilson16@example.com,2022-01-23,2026-01-22,Expired
17,Sandra,Martinez,sandra.martinez17@example.com,2022-11-25,2024-11-24,Expired
18,Emily,Wright,emily.wright18@example.com,2025-02-02,2027-02-02,Active
19,Margaret,Nguyen,margaret.nguyen19@example.com,2025-02-06,2027-02-06,Active
20,William,Allen,william.allen20@example.com,2024-05-03,2026-05-03,Expired
21,Linda,Martinez,linda.martinez21@example.com,2023-10-23,2026-10-22,Active
22,Matthew,Harris,matthew.harris22@example.com,2023-01-21,2027-01-20,Active
23,Kimberly,Taylor,kimberly.taylor23@example.com,2023-03-27,2024-03-26,Expired
24,James,Davis,james.davis24@example.com,2023-06-22,2024-06-21,Expired
25,Sarah,Perez,sarah.perez25@example.com,2022-10-02,2023-10-02,Expired
26,Charles,Ramirez,charles.ramirez26@example.com,2025-12-13,2026-12-13,Active
27,Sandra,Smith,sandra.smith27@example.com,2025-09-09,2026-09-09,Active
28,Barbara,Allen,barbara.allen28@example.com,2021-03-24,2024-03-23,Expired
29,Lisa,Hernandez,lisa.hernandez29@example.com,2021-06-16,2027-06-15,Active
30,Kimberly,Smith,kimberly.smith30@example.com,2023-07-21,2024-07-20,Expired
31,Karen,Thomas,karen.thomas31@example.com,2023-03-21,2026-03-20,Expired
32,Jessica,Torres,jessica.torres32@example.com,2026-04-02,2027-04-02,Active
33,Paul,Rodriguez,paul.rodriguez33@example.com,2021-04-07,2025-04-06,Expired
34,Donald,Scott,donald.scott34@example.com,2025-11-09,2026-11-09,Active
35,Joshua,Ramirez,joshua.ramirez35@example.com,2025-08-25,2027-08-25,Active
36,Richard,Martin,richard.martin36@example.com,2025-05-22,2026-05-22,Expired
37,Lisa,Lewis,lisa.lewis37@example.com,2024-05-03,2025-05-03,Expired
38,Joseph,Nguyen,joseph.nguyen38@example.com,2021-07-13,2027-07-12,Active
39,Patricia,Anderson,patricia.anderson39@example.com,2025-05-04,2027-05-04,Active
40,Robert,Perez,robert.perez40@example.com,2026-03-13,2027-03-13,Active
41,Steven,Thomas,steven.thomas41@example.com,2026-03-06,2027-03-06,Active
42,Susan,Wright,susan.wright42@example.com,2025-01-05,2027-01-05,Active
43,Andrew,Torres,andrew.torres43@example.com,2025-11-01,2026-11-01,Active
44,Anthony,Gonzalez,anthony.gonzalez44@example.com,2023-12-04,2026-12-03,Active
45,Michael,Ramirez,michael.ramirez45@example.com,2026-01-17,2027-01-17,Active
46,Patricia,Miller,patricia.miller46@example.com,2024-08-03,2027-08-03,Active
47,Betty,Perez,betty.perez47@example.com,2026-03-27,2027-03-27,Active
48,Jessica,Gonzalez,jessica.gonzalez48@example.com,2022-02-01,2023-02-01,Expired
49,William,Ramirez,william.ramirez49@example.com,2025-07-05,2027-07-05,Active
50,Jessica,Jones,jessica.jones50@example.com,2025-07-19,2027-07-19,Active
51,Michael,Brown,michael.brown51@example.com,2024-02-03,2026-02-02,Expired
52,James,Garcia,james.garcia52@example.com,2022-12-02,2023-12-02,Expired
53,Patricia,Hernandez,patricia.hernandez53@example.com,2021-05-19,2026-05-18,Expired
54,Sandra,Jackson,sandra.jackson54@example.com,2024-06-13,2027-06-13,Active
55,Emily,Young,emily.young55@example.com,2024-03-15,2027-03-15,Active
56,Richard,Jackson,richard.jackson56@example.com,2025-09-15,2026-09-15,Active
57,Donna,Wright,donna.wright57@example.com,2025-05-10,2026-05-10,Expired
58,Christopher,Brown,christopher.brown58@example.com,2026-03-27,2027-03-27,Active
59,Donna,Walker,donna.walker59@example.com,2026-04-18,2027-04-18,Active
60,Kimberly,Hernandez,kimberly.hernandez60@example.com,2023-10-04,2024-10-03,Expired
61,Steven,Garcia,steven.garcia61@example.com,2026-04-04,2027-04-04,Active
62,Linda,Torres,linda.torres62@example.com,2021-10-20,2026-10-19,Active
63,Robert,Flores,robert.flores63@example.com,2025-03-12,2027-03-12,Active
64,Anthony,Nguyen,anthony.nguyen64@example.com,2026-02-12,2027-02-12,Active
65,Susan,Lee,susan.lee65@example.com,2023-05-29,2025-05-28,Expired
66,William,Martin,william.martin66@example.com,2025-03-28,2027-03-28,Active
67,John,Smith,john.smith67@example.com,2024-01-05,2027-01-04,Active
68,Michael,Jones,michael.jones68@example.com,2024-01-03,2027-01-02,Active
69,John,Thomas,john.thomas69@example.com,2023-07-24,2026-07-23,Expired
70,Paul,Martin,paul.martin70@example.com,2024-07-03,2027-07-03,Active
71,Kimberly,Smith,kimberly.smith71@example.com,2023-02-23,2024-02-23,Expired
72,William,Taylor,william.taylor72@example.com,2022-10-31,2026-10-30,Active
73,Michael,Scott,michael.scott73@example.com,2025-12-05,2026-12-05,Active
74,Sarah,Jackson,sarah.jackson74@example.com,2025-09-14,2026-09-14,Active
75,Thomas,Allen,thomas.allen75@example.com,2023-03-09,2027-03-08,Active
76,Patricia,Garcia,patricia.garcia76@example.com,2023-11-02,2025-11-01,Expired
77,William,Taylor,william.taylor77@example.com,2023-01-07,2027-01-06,Active
78,Mark,Scott,mark.scott78@example.com,2025-09-02,2026-09-02,Active
79,Elizabeth,Wright,elizabeth.wright79@example.com,2022-08-14,2026-08-13,Expired
80,Lisa,Nguyen,lisa.nguyen80@example.com,2026-05-17,2027-05-17,Active
81,Robert,Thompson,robert.thompson81@example.com,2023-06-24,2027-06-23,Active
82,Michael,Thompson,michael.thompson82@example.com,2025-05-25,2027-05-25,Active
83,Michelle,Martinez,michelle.martinez83@example.com,2022-03-15,2024-03-14,Expired
84,David,Lopez,david.lopez84@example.com,2021-05-21,2022-05-21,Expired
85,Anthony,Thomas,anthony.thomas85@example.com,2021-08-19,2024-08-18,Expired
86,Michael,Harris,michael.harris86@example.com,2025-01-29,2027-01-29,Active
87,Daniel,Martin,daniel.martin87@example.com,2021-09-07,2025-09-06,Expired
88,Nancy,Moore,nancy.moore88@example.com,2021-12-22,2026-12-21,Active
89,Paul,Perez,paul.perez89@example.com,2021-09-23,2026-09-22,Active
90,Thomas,Lopez,thomas.lopez90@example.com,2021-04-23,2023-04-23,Expired
91,Thomas,Williams,thomas.williams91@example.com,2023-04-27,2024-04-26,Expired
92,Joshua,Ramirez,joshua.ramirez92@example.com,2025-12-19,2026-12-19,Active
93,Joshua,Allen,joshua.allen93@example.com,2024-08-21,2027-08-21,Active
94,Matthew,Torres,matthew.torres94@example.com,2025-12-05,2026-12-05,Active
95,Margaret,Smith,margaret.smith95@example.com,2025-07-05,2027-07-05,Active
96,Paul,Gonzalez,paul.gonzalez96@example.com,2023-08-30,2024-08-29,Expired
97,Nancy,Flores,nancy.flores97@example.com,2024-07-14,2026-07-14,Expired
98,Linda,Martin,linda.martin98@example.com,2024-10-25,2026-10-25,Active
99,Betty,Jackson,betty.jackson99@example.com,2023-09-25,2026-09-24,Active
100,Barbara,Flores,barbara.flores100@example.com,2023-06-20,2026-06-19,Expired
101,Charles,Wilson,charles.wilson101@example.com,2023-05-21,2027-05-20,Active
102,Christopher,Robinson,christopher.robinson102@example.com,2024-03-01,2027-03-01,Active
103,Donald,Hernandez,donald.hernandez103@example.com,2024-02-06,2027-02-05,Active
104,Nancy,Garcia,nancy.garcia104@example.com,2022-11-18,2026-11-17,Active
105,Jessica,Martin,jessica.martin105@example.com,2021-12-26,2022-12-26,Expired
106,Elizabeth,Johnson,elizabeth.johnson106@example.com,2025-04-25,2027-04-25,Active
107,Jessica,Walker,jessica.walker107@example.com,2026-04-26,2027-04-26,Active
108,Andrew,Gonzalez,andrew.gonzalez108@example.com,2023-02-24,2027-02-23,Active
109,James,Miller,james.miller109@example.com,2022-07-19,2027-07-18,Active
110,Kimberly,Robinson,kimberly.robinson110@example.com,2022-03-18,2025-03-17,Expired
111,Emily,Thomas,emily.thomas111@example.com,2026-04-18,2027-04-18,Active
112,Joshua,Lee,joshua.lee112@example.com,2021-06-07,2026-06-06,Expired
113,Margaret,Scott,margaret.scott113@example.com,2021-04-01,2025-03-31,Expired
114,Donald,Lewis,donald.lewis114@example.com,2024-01-28,2025-01-27,Expired
115,Sarah,King,sarah.king115@example.com,2025-02-14,2027-02-14,Active
116,John,Jackson,john.jackson116@example.com,2023-11-10,2026-11-09,Active
117,Christopher,Wright,christopher.wright117@example.com,2025-04-05,2027-04-05,Active
118,William,Martinez,william.martinez118@example.com,2026-02-14,2027-02-14,Active
119,Elizabeth,Wilson,elizabeth.wilson119@example.com,2025-04-12,2027-04-12,Active
120,Anthony,Clark,anthony.clark120@example.com,2026-03-20,2027-03-20,Active
121,Anthony,Brown,anthony.brown121@example.com,2024-09-20,2026-09-20,Active
122,Matthew,Nguyen,matthew.nguyen122@example.com,2025-06-01,2027-06-01,Active
123,Andrew,Harris,andrew.harris123@example.com,2021-04-09,2023-04-09,Expired
124,Matthew,Clark,matthew.clark124@example.com,2023-11-26,2026-11-25,Active
125,Joseph,Young,joseph.young125@example.com,2023-07-23,2027-07-22,Active
126,Ashley,Johnson,ashley.johnson126@example.com,2025-05-06,2027-05-06,Active
127,Betty,Hernandez,betty.hernandez127@example.com,2024-05-24,2027-05-24,Active
128,Betty,Nguyen,betty.nguyen128@example.com,2021-11-11,2026-11-10,Active
129,Sandra,Lopez,sandra.lopez129@example.com,2023-05-31,2027-05-30,Active
130,Thomas,Harris,thomas.harris130@example.com,2026-04-18,2027-04-18,Active
131,Christopher,Perez,christopher.perez131@example.com,2024-09-27,2026-09-27,Active
132,Sarah,Clark,sarah.clark132@example.com,2022-04-23,2023-04-23,Expired
133,Donald,Johnson,donald.johnson133@example.com,2025-02-28,2027-02-28,Active
134,Daniel,Anderson,daniel.anderson134@example.com,2022-05-17,2024-05-16,Expired
135,Robert,Johnson,robert.johnson135@example.com,2022-12-06,2024-12-05,Expired
136,Linda,Torres,linda.torres136@example.com,2021-04-02,2027-04-01,Active
137,Linda,Hernandez,linda.hernandez137@example.com,2021-04-05,2027-04-04,Active
138,Mary,Martin,mary.martin138@example.com,2024-10-30,2026-10-30,Active
139,Betty,Gonzalez,betty.gonzalez139@example.com,2023-05-07,2025-05-06,Expired
140,Donna,Thomas,donna.thomas140@example.com,2026-02-24,2027-02-24,Active
141,Karen,Hill,karen.hill141@example.com,2026-01-02,2027-01-02,Active
142,Robert,Thompson,robert.thompson142@example.com,2022-01-22,2024-01-22,Expired
143,Nancy,Smith,nancy.smith143@example.com,2023-08-03,2027-08-02,Active
144,Sandra,Martinez,sandra.martinez144@example.com,2021-10-24,2026-10-23,Active
145,Sarah,Flores,sarah.flores145@example.com,2024-02-19,2027-02-18,Active
146,Donald,Robinson,donald.robinson146@example.com,2022-01-16,2023-01-16,Expired
147,Christopher,Thomas,christopher.thomas147@example.com,2024-02-18,2027-02-17,Active
148,Sarah,Lewis,sarah.lewis148@example.com,2021-12-01,2022-12-01,Expired
149,Andrew,Flores,andrew.flores149@example.com,2025-03-17,2027-03-17,Active
150,Barbara,Young,barbara.young150@example.com,2022-10-30,2025-10-29,Expired
151,Thomas,Perez,thomas.perez151@example.com,2025-05-21,2027-05-21,Active
152,Sarah,Scott,sarah.scott152@example.com,2025-01-03,2026-01-03,Expired
153,Kimberly,Gonzalez,kimberly.gonzalez153@example.com,2026-07-09,2027-07-09,Active
154,Jessica,Clark,jessica.clark154@example.com,2026-02-04,2027-02-04,Active
155,Donald,Young,donald.young155@example.com,2023-11-02,2026-11-01,Active
156,Joseph,Sanchez,joseph.sanchez156@example.com,2024-01-24,2027-01-23,Active
157,Emily,King,emily.king157@example.com,2022-09-12,2026-09-11,Active
158,Nancy,Thompson,nancy.thompson158@example.com,2024-08-24,2027-08-24,Active
159,Christopher,Davis,christopher.davis159@example.com,2022-08-20,2027-08-19,Active
160,Donald,Moore,donald.moore160@example.com,2022-05-30,2027-05-29,Active
161,Richard,Jackson,richard.jackson161@example.com,2022-07-07,2026-07-06,Expired
162,Karen,Smith,karen.smith162@example.com,2025-04-20,2027-04-20,Active
163,Emily,Jackson,emily.jackson163@example.com,2022-08-09,2025-08-08,Expired
164,Ashley,Miller,ashley.miller164@example.com,2022-08-31,2023-08-31,Expired
165,Patricia,Taylor,patricia.taylor165@example.com,2021-09-06,2026-09-05,Active
166,Linda,Jones,linda.jones166@example.com,2021-04-19,2022-04-19,Expired
167,Patricia,Martinez,patricia.martinez167@example.com,2024-04-30,2027-04-30,Active
168,Andrew,Martin,andrew.martin168@example.com,2025-09-27,2026-09-27,Active
169,Jessica,Davis,jessica.davis169@example.com,2026-02-05,2027-02-05,Active
170,Joseph,King,joseph.king170@example.com,2023-06-13,2027-06-12,Active
171,Donna,Ramirez,donna.ramirez171@example.com,2024-06-10,2027-06-10,Active
172,Patricia,Flores,patricia.flores172@example.com,2024-11-11,2026-11-11,Active
173,Susan,Wilson,susan.wilson173@example.com,2021-03-11,2023-03-11,Expired
174,David,Thomas,david.thomas174@example.com,2025-02-03,2027-02-03,Active
175,David,Smith,david.smith175@example.com,2025-08-08,2027-08-08,Active
176,Charles,Williams,charles.williams176@example.com,2024-04-14,2027-04-14,Active
177,Charles,Robinson,charles.robinson177@example.com,2025-04-11,2027-04-11,Active
178,Joseph,Taylor,joseph.taylor178@example.com,2026-03-06,2027-03-06,Active
179,Linda,Wright,linda.wright179@example.com,2022-02-27,2027-02-26,Active
180,Sarah,Martinez,sarah.martinez180@example.com,2025-04-25,2027-04-25,Active
181,Patricia,Hernandez,patricia.hernandez181@example.com,2026-03-05,2027-03-05,Active
182,Linda,Robinson,linda.robinson182@example.com,2022-02-17,2027-02-16,Active
183,Paul,Young,paul.young183@example.com,2022-09-18,2026-09-17,Active
184,Margaret,Lee,margaret.lee184@example.com,2024-02-14,2027-02-13,Active
185,Andrew,Nguyen,andrew.nguyen185@example.com,2023-03-11,2026-03-10,Expired
186,Barbara,Walker,barbara.walker186@example.com,2021-03-30,2027-03-29,Active
187,Barbara,Nguyen,barbara.nguyen187@example.com,2023-09-01,2025-08-31,Expired
188,Jennifer,Walker,jennifer.walker188@example.com,2024-02-18,2027-02-17,Active
189,Michael,Hernandez,michael.hernandez189@example.com,2024-08-16,2027-08-16,Active
190,Ashley,Jackson,ashley.jackson190@example.com,2024-09-22,2026-09-22,Active
191,Emily,Williams,emily.williams191@example.com,2022-11-11,2023-11-11,Expired
192,Linda,Sanchez,linda.sanchez192@example.com,2024-01-10,2027-01-09,Active
193,Paul,Robinson,paul.robinson193@example.com,2021-09-22,2023-09-22,Expired
194,Michelle,Young,michelle.young194@example.com,2024-04-04,2027-04-04,Active
195,William,Jackson,william.jackson195@example.com,2023-01-26,2027-01-25,Active
196,Ashley,Davis,ashley.davis196@example.com,2024-02-13,2025-02-12,Expired
197,Joshua,Thomas,joshua.thomas197@example.com,2026-05-31,2027-05-31,Active
198,Linda,Robinson,linda.robinson198@example.com,2022-08-06,2027-08-05,Active
199,Sarah,Clark,sarah.clark199@example.com,2021-04-07,2027-04-06,Active
200,Richard,Hill,richard.hill200@example.com,2021-11-23,2026-11-22,Active
201,John,Moore,john.moore201@example.com,2023-09-23,2026-09-22,Active
202,Steven,Moore,steven.moore202@example.com,2022-03-30,2025-03-29,Expired
203,Ashley,Martinez,ashley.martinez203@example.com,2021-12-22,2026-12-21,Active
204,Emily,Wright,emily.wright204@example.com,2024-01-27,2027-01-26,Active
205,Richard,Thomas,richard.thomas205@example.com,2024-06-17,2027-06-17,Active
206,Anthony,Williams,anthony.williams206@example.com,2023-05-15,2025-05-14,Expired
207,Matthew,Harris,matthew.harris207@example.com,2024-10-16,2026-10-16,Active
208,Robert,Rodriguez,robert.rodriguez208@example.com,2022-11-08,2026-11-07,Active
209,Nancy,Miller,nancy.miller209@example.com,2023-10-05,2024-10-04,Expired
210,James,Martinez,james.martinez210@example.com,2021-09-03,2024-09-02,Expired
211,Elizabeth,Jones,elizabeth.jones211@example.com,2024-04-11,2025-04-11,Expired
212,Michelle,Sanchez,michelle.sanchez212@example.com,2023-12-11,2026-12-10,Active
213,Paul,Harris,paul.harris213@example.com,2022-12-07,2026-12-06,Active
214,Robert,Flores,robert.flores214@example.com,2021-03-23,2025-03-22,Expired
215,Jessica,Jackson,jessica.jackson215@example.com,2026-03-11,2027-03-11,Active
216,Margaret,Miller,margaret.miller216@example.com,2025-04-20,2027-04-20,Active
217,Mark,Hernandez,mark.hernandez217@example.com,2022-04-24,2024-04-23,Expired
218,Patricia,Jackson,patricia.jackson218@example.com,2022-09-07,2026-09-06,Active
219,Kimberly,Clark,kimberly.clark219@example.com,2024-07-25,2027-07-25,Active
220,Michelle,Harris,michelle.harris220@example.com,2023-05-27,2027-05-26,Active
221,Joseph,Robinson,joseph.robinson221@example.com,2023-02-06,2027-02-05,Active
222,Sandra,Jackson,sandra.jackson222@example.com,2022-12-31,2026-12-30,Active
223,Donna,Martin,donna.martin223@example.com,2022-10-11,2025-10-10,Expired
224,Thomas,Robinson,thomas.robinson224@example.com,2022-12-29,2023-12-29,Expired
225,Donald,Miller,donald.miller225@example.com,2021-11-01,2023-11-01,Expired
226,Daniel,Torres,daniel.torres226@example.com,2025-03-31,2027-03-31,Active
227,Charles,Johnson,charles.johnson227@example.com,2024-12-01,2025-12-01,Expired
228,Patricia,Hill,patricia.hill228@example.com,2021-12-03,2026-12-02,Active
229,Charles,Anderson,charles.anderson229@example.com,2022-05-25,2024-05-24,Expired
230,Thomas,Rodriguez,thomas.rodriguez230@example.com,2023-03-04,2027-03-03,Active
231,Mark,Williams,mark.williams231@example.com,2023-01-20,2027-01-19,Active
232,Christopher,Clark,christopher.clark232@example.com,2023-04-30,2026-04-29,Expired
233,Paul,White,paul.white233@example.com,2025-08-04,2027-08-04,Active
234,Donald,Jackson,donald.jackson234@example.com,2023-08-07,2027-08-06,Active
235,Linda,Robinson,linda.robinson235@example.com,2022-05-23,2023-05-23,Expired
236,Elizabeth,Anderson,elizabeth.anderson236@example.com,2026-02-25,2027-02-25,Active
237,Emily,White,emily.white237@example.com,2021-10-02,2026-10-01,Active
238,Betty,Smith,betty.smith238@example.com,2026-01-26,2027-01-26,Active
239,Sandra,White,sandra.white239@example.com,2025-02-03,2027-02-03,Active
240,Lisa,Miller,lisa.miller240@example.com,2022-10-21,2026-10-20,Active
241,Emily,Lee,emily.lee241@example.com,2022-10-16,2025-10-15,Expired
242,Anthony,Davis,anthony.davis242@example.com,2021-06-11,2027-06-10,Active
243,Robert,Williams,robert.williams243@example.com,2025-10-16,2026-10-16,Active
244,Linda,Miller,linda.miller244@example.com,2024-11-13,2025-11-13,Expired
245,William,Harris,william.harris245@example.com,2025-04-05,2026-04-05,Expired
246,Paul,Clark,paul.clark246@example.com,2024-01-12,2026-01-11,Expired
247,Michael,Young,michael.young247@example.com,2023-04-14,2027-04-13,Active
248,Robert,White,robert.white248@example.com,2023-02-15,2025-02-14,Expired
249,Jessica,White,jessica.white249@example.com,2025-05-11,2027-05-11,Active
250,Lisa,Wright,lisa.wright250@example.com,2026-01-07,2027-01-07,Active
251,Daniel,Brown,daniel.brown251@example.com,2021-07-09,2022-07-09,Expired
252,Sandra,Garcia,sandra.garcia252@example.com,2024-05-05,2026-05-05,Expired
253,Patricia,Perez,patricia.perez253@example.com,2022-11-10,2025-11-09,Expired
254,Andrew,Wilson,andrew.wilson254@example.com,2025-03-18,2026-03-18,Expired
255,Emily,Wilson,emily.wilson255@example.com,2026-03-11,2027-03-11,Active
256,Nancy,Martinez,nancy.martinez256@example.com,2023-04-16,2025-04-15,Expired
257,James,Moore,james.moore257@example.com,2022-02-25,2023-02-25,Expired
258,William,Wright,william.wright258@example.com,2021-10-05,2022-10-05,Expired
259,Linda,Johnson,linda.johnson259@example.com,2025-03-03,2027-03-03,Active
260,James,Thompson,james.thompson260@example.com,2025-11-02,2026-11-02,Active
261,William,Clark,william.clark261@example.com,2022-02-23,2027-02-22,Active
262,Lisa,Allen,lisa.allen262@example.com,2023-08-17,2027-08-16,Active
263,Robert,King,robert.king263@example.com,2023-04-01,2026-03-31,Expired
264,Mary,Brown,mary.brown264@example.com,2024-11-19,2026-11-19,Active
265,Michael,Young,michael.young265@example.com,2023-11-22,2026-11-21,Active
266,John,Garcia,john.garcia266@example.com,2022-08-01,2023-08-01,Expired
267,John,Rodriguez,john.rodriguez267@example.com,2024-10-08,2026-10-08,Active
268,Donna,Scott,donna.scott268@example.com,2025-01-12,2027-01-12,Active
269,Kimberly,Jackson,kimberly.jackson269@example.com,2022-08-01,2024-07-31,Expired
270,Linda,Scott,linda.scott270@example.com,2024-01-12,2027-01-11,Active
271,Margaret,Lewis,margaret.lewis271@example.com,2022-07-14,2023-07-14,Expired
272,Margaret,Lee,margaret.lee272@example.com,2021-08-06,2027-08-05,Active
273,Donald,Jones,donald.jones273@example.com,2022-11-05,2024-11-04,Expired
274,Jennifer,Garcia,jennifer.garcia274@example.com,2026-01-24,2027-01-24,Active
275,William,Scott,william.scott275@example.com,2024-02-26,2027-02-25,Active
276,Donna,Scott,donna.scott276@example.com,2026-03-29,2027-03-29,Active
277,Margaret,Brown,margaret.brown277@example.com,2023-06-05,2027-06-04,Active
278,Daniel,Miller,daniel.miller278@example.com,2024-12-17,2026-12-17,Active
279,Michael,Thompson,michael.thompson279@example.com,2023-05-03,2027-05-02,Active
280,Margaret,Scott,margaret.scott280@example.com,2021-11-01,2026-10-31,Active
281,Sarah,Johnson,sarah.johnson281@example.com,2022-04-10,2027-04-09,Active
282,Karen,Perez,karen.perez282@example.com,2025-07-25,2027-07-25,Active
283,Andrew,Sanchez,andrew.sanchez283@example.com,2024-08-10,2026-08-10,Expired
284,Elizabeth,Johnson,elizabeth.johnson284@example.com,2026-03-09,2027-03-09,Active
285,Kimberly,Wilson,kimberly.wilson285@example.com,2026-01-23,2027-01-23,Active
286,Lisa,Martin,lisa.martin286@example.com,2024-06-19,2027-06-19,Active
287,Joshua,Garcia,joshua.garcia287@example.com,2022-07-13,2024-07-12,Expired
288,Margaret,Young,margaret.young288@example.com,2021-08-15,2027-08-14,Active
289,Linda,Thompson,linda.thompson289@example.com,2023-03-04,2027-03-03,Active
290,Donna,Young,donna.young290@example.com,2024-03-01,2027-03-01,Active
291,Joshua,Brown,joshua.brown291@example.com,2023-08-15,2027-08-14,Active
292,Susan,Martin,susan.martin292@example.com,2026-07-14,2027-07-14,Active
293,Margaret,Lopez,margaret.lopez293@example.com,2021-04-10,2027-04-09,Active
294,Matthew,Wright,matthew.wright294@example.com,2025-11-07,2026-11-07,Active
295,Betty,Williams,betty.williams295@example.com,2022-08-18,2027-08-17,Active
296,Christopher,Torres,christopher.torres296@example.com,2024-02-17,2026-02-16,Expired
297,Anthony,Jackson,anthony.jackson297@example.com,2024-03-02,2027-03-02,Active
298,Betty,Johnson,betty.johnson298@example.com,2025-12-06,2026-12-06,Active
299,Michelle,Robinson,michelle.robinson299@example.com,2024-10-02,2026-10-02,Active
300,Margaret,Nguyen,margaret.nguyen300@example.com,2021-11-29,2026-11-28,Active
301,Karen,Perez,karen.perez301@example.com,2024-04-30,2027-04-30,Active
302,David,Jones,david.jones302@example.com,2025-05-02,2027-05-02,Active
303,Richard,Thompson,richard.thompson303@example.com,2023-09-18,2026-09-17,Active
304,Elizabeth,Thomas,elizabeth.thomas304@example.com,2024-08-09,2027-08-09,Active
305,Elizabeth,Taylor,elizabeth.taylor305@example.com,2025-12-31,2026-12-31,Active
306,Elizabeth,Jones,elizabeth.jones306@example.com,2025-06-20,2027-06-20,Active
307,Ashley,Robinson,ashley.robinson307@example.com,2025-08-01,2026-08-01,Expired
308,Michelle,Lee,michelle.lee308@example.com,2022-05-06,2026-05-05,Expired
309,Christopher,Martinez,christopher.martinez309@example.com,2021-09-24,2022-09-24,Expired
310,Karen,Moore,karen.moore310@example.com,2024-02-10,2027-02-09,Active
311,Mark,Williams,mark.williams311@example.com,2023-04-05,2027-04-04,Active
312,Lisa,Jackson,lisa.jackson312@example.com,2026-04-04,2027-04-04,Active
313,Jennifer,Flores,jennifer.flores313@example.com,2026-02-22,2027-02-22,Active
314,Robert,Lewis,robert.lewis314@example.com,2023-03-31,2027-03-30,Active
315,Patricia,Lewis,patricia.lewis315@example.com,2021-06-24,2027-06-23,Active
316,Nancy,Garcia,nancy.garcia316@example.com,2025-12-30,2026-12-30,Active
317,Mark,Lewis,mark.lewis317@example.com,2023-09-30,2026-09-29,Active
318,Charles,Harris,charles.harris318@example.com,2023-08-21,2027-08-20,Active
319,Patricia,Perez,patricia.perez319@example.com,2024-04-13,2027-04-13,Active
320,Nancy,Miller,nancy.miller320@example.com,2026-03-17,2027-03-17,Active
321,Joshua,Martinez,joshua.martinez321@example.com,2023-06-13,2027-06-12,Active
322,Elizabeth,Thompson,elizabeth.thompson322@example.com,2024-09-15,2026-09-15,Active
323,Betty,Rodriguez,betty.rodriguez323@example.com,2024-11-01,2025-11-01,Expired
324,Nancy,Rodriguez,nancy.rodriguez324@example.com,2023-03-29,2027-03-28,Active
325,Kimberly,Garcia,kimberly.garcia325@example.com,2022-10-26,2024-10-25,Expired
326,Karen,Lopez,karen.lopez326@example.com,2022-12-14,2026-12-13,Active
327,Ashley,Gonzalez,ashley.gonzalez327@example.com,2021-03-30,2023-03-30,Expired
328,Elizabeth,Jones,elizabeth.jones328@example.com,2025-04-22,2026-04-22,Expired
329,Michael,Allen,michael.allen329@example.com,2024-12-01,2026-12-01,Active
330,Michelle,Rodriguez,michelle.rodriguez330@example.com,2022-04-03,2027-04-02,Active
331,Michelle,Hernandez,michelle.hernandez331@example.com,2023-03-24,2027-03-23,Active
332,Mark,Flores,mark.flores332@example.com,2022-07-14,2027-07-13,Active
333,Mark,Anderson,mark.anderson333@example.com,2024-12-23,2026-12-23,Active
334,Donald,Gonzalez,donald.gonzalez334@example.com,2023-08-01,2025-07-31,Expired
335,Mark,Robinson,mark.robinson335@example.com,2024-07-06,2027-07-06,Active
336,Richard,Hill,richard.hill336@example.com,2022-04-06,2026-04-05,Expired
337,Thomas,Brown,thomas.brown337@example.com,2025-10-19,2026-10-19,Active
338,Kimberly,Davis,kimberly.davis338@example.com,2022-12-24,2025-12-23,Expired
339,David,Moore,david.moore339@example.com,2024-12-23,2026-12-23,Active
340,Elizabeth,Ramirez,elizabeth.ramirez340@example.com,2024-01-21,2025-01-20,Expired
341,Joseph,Lewis,joseph.lewis341@example.com,2026-01-23,2027-01-23,Active
342,Jennifer,White,jennifer.white342@example.com,2021-08-13,2027-08-12,Active
343,Michael,Perez,michael.perez343@example.com,2025-04-26,2027-04-26,Active
344,Donald,Rodriguez,donald.rodriguez344@example.com,2022-02-20,2025-02-19,Expired
345,Thomas,Wilson,thomas.wilson345@example.com,2022-04-27,2027-04-26,Active
346,Joshua,King,joshua.king346@example.com,2021-11-22,2023-11-22,Expired
347,Karen,Davis,karen.davis347@example.com,2024-03-15,2027-03-15,Active
348,Jessica,Clark,jessica.clark348@example.com,2026-04-23,2027-04-23,Active
349,Ashley,Hill,ashley.hill349@example.com,2022-12-29,2026-12-28,Active
350,Elizabeth,Jackson,elizabeth.jackson350@example.com,2023-07-28,2027-07-27,Active
351,Andrew,Clark,andrew.clark351@example.com,2024-03-02,2027-03-02,Active
352,Jennifer,King,jennifer.king352@example.com,2025-07-11,2027-07-11,Active
353,Steven,Allen,steven.allen353@example.com,2024-07-21,2027-07-21,Active
354,Robert,Harris,robert.harris354@example.com,2023-06-21,2025-06-20,Expired
355,John,Thompson,john.thompson355@example.com,2024-06-25,2027-06-25,Active
356,Michael,Nguyen,michael.nguyen356@example.com,2025-03-23,2027-03-23,Active
357,Barbara,Robinson,barbara.robinson357@example.com,2022-06-15,2027-06-14,Active
358,Sandra,Williams,sandra.williams358@example.com,2022-09-04,2026-09-03,Active
359,Richard,Williams,richard.williams359@example.com,2024-12-06,2026-12-06,Active
360,Steven,Sanchez,steven.sanchez360@example.com,2024-10-21,2025-10-21,Expired
361,Daniel,Brown,daniel.brown361@example.com,2022-01-02,2027-01-01,Active
362,Betty,Lewis,betty.lewis362@example.com,2021-09-20,2026-09-19,Active
363,Nancy,Lopez,nancy.lopez363@example.com,2021-07-23,2022-07-23,Expired
364,Kimberly,Moore,kimberly.moore364@example.com,2023-10-17,2026-10-16,Active
365,Barbara,Wright,barbara.wright365@example.com,2022-01-31,2026-01-30,Expired
366,Jennifer,Lee,jennifer.lee366@example.com,2024-12-05,2026-12-05,Active
367,David,Lewis,david.lewis367@example.com,2022-11-14,2026-11-13,Active
368,Daniel,Flores,daniel.flores368@example.com,2024-08-09,2027-08-09,Active
369,Patricia,Jones,patricia.jones369@example.com,2024-02-20,2026-02-19,Expired
370,David,Johnson,david.johnson370@example.com,2022-10-24,2026-10-23,Active
371,Joshua,Lewis,joshua.lewis371@example.com,2025-10-10,2026-10-10,Active
372,William,Jones,william.jones372@example.com,2026-05-19,2027-05-19,Active
373,Lisa,White,lisa.white373@example.com,2025-04-02,2027-04-02,Active
374,Robert,Hill,robert.hill374@example.com,2024-06-05,2025-06-05,Expired
375,Mark,White,mark.white375@example.com,2025-09-18,2026-09-18,Active
376,William,King,william.king376@example.com,2024-06-28,2027-06-28,Active
377,Jessica,Davis,jessica.davis377@example.com,2024-07-08,2027-07-08,Active
378,Barbara,Young,barbara.young378@example.com,2026-06-06,2027-06-06,Active
379,Thomas,Taylor,thomas.taylor379@example.com,2023-09-03,2026-09-02,Active
380,Charles,Young,charles.young380@example.com,2022-08-18,2024-08-17,Expired
381,John,Lewis,john.lewis381@example.com,2025-06-15,2027-06-15,Active
382,Mark,Garcia,mark.garcia382@example.com,2025-08-10,2026-08-10,Expired
383,John,Scott,john.scott383@example.com,2022-01-12,2027-01-11,Active
384,Barbara,White,barbara.white384@example.com,2023-07-15,2027-07-14,Active
385,William,Thomas,william.thomas385@example.com,2023-09-22,2025-09-21,Expired
386,Emily,Rodriguez,emily.rodriguez386@example.com,2022-02-22,2027-02-21,Active
387,John,Martin,john.martin387@example.com,2023-02-22,2024-02-22,Expired
388,Donald,King,donald.king388@example.com,2024-05-05,2025-05-05,Expired
389,John,Rodriguez,john.rodriguez389@example.com,2024-04-09,2027-04-09,Active
390,Mark,Robinson,mark.robinson390@example.com,2024-10-18,2026-10-18,Active
391,Emily,Nguyen,emily.nguyen391@example.com,2022-10-06,2026-10-05,Active
392,William,Ramirez,william.ramirez392@example.com,2025-07-22,2027-07-22,Active
393,Patricia,Davis,patricia.davis393@example.com,2023-10-04,2024-10-03,Expired
394,Christopher,Anderson,christopher.anderson394@example.com,2023-09-02,2026-09-01,Active
395,Kimberly,Jackson,kimberly.jackson395@example.com,2024-08-20,2025-08-20,Expired
396,Sarah,Rodriguez,sarah.rodriguez396@example.com,2021-10-31,2024-10-30,Expired
397,David,Nguyen,david.nguyen397@example.com,2023-01-26,2027-01-25,Active
398,Nancy,Torres,nancy.torres398@example.com,2021-04-18,2025-04-17,Expired
399,Mary,Garcia,mary.garcia399@example.com,2026-05-06,2027-05-06,Active
400,Andrew,Taylor,andrew.taylor400@example.com,2026-04-27,2027-04-27,Active
401,Mary,Young,mary.young401@example.com,2022-12-04,2026-12-03,Active
402,Donald,Thomas,donald.thomas402@example.com,2021-08-04,2024-08-03,Expired
403,David,Lewis,david.lewis403@example.com,2022-01-23,2027-01-22,Active
404,Joshua,Martinez,joshua.martinez404@example.com,2024-03-30,2027-03-30,Active
405,Christopher,Thompson,christopher.thompson405@example.com,2024-10-27,2025-10-27,Expired
406,Emily,Miller,emily.miller406@example.com,2024-05-04,2027-05-04,Active
407,Linda,Moore,linda.moore407@example.com,2024-10-14,2026-10-14,Active
408,Charles,Harris,charles.harris408@example.com,2024-01-21,2027-01-20,Active
409,David,Lee,david.lee409@example.com,2021-09-24,2024-09-23,Expired
410,Ashley,Martin,ashley.martin410@example.com,2021-05-04,2027-05-03,Active
411,Steven,Robinson,steven.robinson411@example.com,2023-10-15,2025-10-14,Expired
412,Daniel,Brown,daniel.brown412@example.com,2025-03-23,2027-03-23,Active
413,Charles,Young,charles.young413@example.com,2026-04-17,2027-04-17,Active
414,Donald,Jackson,donald.jackson414@example.com,2023-03-24,2024-03-23,Expired
415,Thomas,White,thomas.white415@example.com,2023-07-26,2027-07-25,Active
416,Lisa,Scott,lisa.scott416@example.com,2022-04-17,2027-04-16,Active
417,Steven,Lewis,steven.lewis417@example.com,2024-12-15,2026-12-15,Active
418,William,Miller,william.miller418@example.com,2022-04-16,2027-04-15,Active
419,Emily,White,emily.white419@example.com,2024-05-14,2026-05-14,Expired
420,Robert,Rodriguez,robert.rodriguez420@example.com,2022-05-05,2027-05-04,Active
421,Steven,Rodriguez,steven.rodriguez421@example.com,2022-07-29,2027-07-28,Active
422,Christopher,Hernandez,christopher.hernandez422@example.com,2024-09-26,2025-09-26,Expired
423,Karen,Nguyen,karen.nguyen423@example.com,2024-05-16,2025-05-16,Expired
424,Steven,Wright,steven.wright424@example.com,2024-09-09,2026-09-09,Active
425,Mary,White,mary.white425@example.com,2023-10-30,2026-10-29,Active
426,Anthony,Nguyen,anthony.nguyen426@example.com,2024-09-19,2026-09-19,Active
427,Mary,Hill,mary.hill427@example.com,2024-11-06,2026-11-06,Active
428,Donna,Torres,donna.torres428@example.com,2023-12-01,2026-11-30,Active
429,Donna,Walker,donna.walker429@example.com,2025-04-19,2027-04-19,Active
430,Michelle,Harris,michelle.harris430@example.com,2025-08-14,2027-08-14,Active
431,Jessica,Williams,jessica.williams431@example.com,2025-09-30,2026-09-30,Active
432,Linda,Gonzalez,linda.gonzalez432@example.com,2023-05-14,2024-05-13,Expired
433,Mark,Lee,mark.lee433@example.com,2026-06-21,2027-06-21,Active
434,Anthony,Allen,anthony.allen434@example.com,2024-03-24,2027-03-24,Active
435,William,King,william.king435@example.com,2022-03-25,2027-03-24,Active
436,Donald,King,donald.king436@example.com,2025-05-31,2027-05-31,Active
437,Paul,Perez,paul.perez437@example.com,2024-06-18,2027-06-18,Active
438,Thomas,Flores,thomas.flores438@example.com,2023-07-07,2027-07-06,Active
439,Emily,Martin,emily.martin439@example.com,2023-11-11,2026-11-10,Active
440,Karen,Jackson,karen.jackson440@example.com,2025-04-25,2026-04-25,Expired
441,Sarah,Jackson,sarah.jackson441@example.com,2022-08-16,2027-08-15,Active
442,Andrew,Wright,andrew.wright442@example.com,2025-11-22,2026-11-22,Active
443,Betty,Thompson,betty.thompson443@example.com,2024-06-12,2025-06-12,Expired
444,Jennifer,Thompson,jennifer.thompson444@example.com,2021-03-22,2025-03-21,Expired
445,Emily,Moore,emily.moore445@example.com,2021-05-24,2027-05-23,Active
446,Michael,Flores,michael.flores446@example.com,2025-10-21,2026-10-21,Active
447,Joseph,Brown,joseph.brown447@example.com,2022-06-03,2027-06-02,Active
448,Anthony,Perez,anthony.perez448@example.com,2026-01-05,2027-01-05,Active
449,David,Clark,david.clark449@example.com,2022-07-21,2026-07-20,Expired
450,Donald,Walker,donald.walker450@example.com,2022-11-30,2023-11-30,Expired
451,Christopher,Jackson,christopher.jackson451@example.com,2022-12-05,2024-12-04,Expired
452,Joseph,Wright,joseph.wright452@example.com,2022-12-15,2026-12-14,Active
453,Barbara,Clark,barbara.clark453@example.com,2022-06-08,2024-06-07,Expired
454,Robert,Sanchez,robert.sanchez454@example.com,2021-08-18,2023-08-18,Expired
455,Charles,Williams,charles.williams455@example.com,2022-02-27,2024-02-27,Expired
456,Karen,Torres,karen.torres456@example.com,2026-07-11,2027-07-11,Active
457,Charles,Robinson,charles.robinson457@example.com,2023-03-13,2025-03-12,Expired
458,Steven,Robinson,steven.robinson458@example.com,2022-12-24,2025-12-23,Expired
459,Linda,Perez,linda.perez459@example.com,2025-01-17,2027-01-17,Active
460,Sandra,Taylor,sandra.taylor460@example.com,2025-08-31,2026-08-31,Active
461,Richard,Lopez,richard.lopez461@example.com,2022-07-19,2027-07-18,Active
462,Betty,Ramirez,betty.ramirez462@example.com,2023-02-24,2024-02-24,Expired
463,Michael,Lopez,michael.lopez463@example.com,2023-09-08,2026-09-07,Active
464,Donald,Lee,donald.lee464@example.com,2025-10-15,2026-10-15,Active
465,Karen,Nguyen,karen.nguyen465@example.com,2021-04-30,2026-04-29,Expired
466,Linda,Robinson,linda.robinson466@example.com,2022-07-10,2027-07-09,Active
467,Steven,Martin,steven.martin467@example.com,2024-11-08,2026-11-08,Active
468,Charles,White,charles.white468@example.com,2022-09-15,2024-09-14,Expired
469,Donald,Martinez,donald.martinez469@example.com,2023-02-17,2025-02-16,Expired
470,Anthony,Scott,anthony.scott470@example.com,2024-01-10,2027-01-09,Active
471,Joshua,Garcia,joshua.garcia471@example.com,2021-06-16,2027-06-15,Active
472,Andrew,Davis,andrew.davis472@example.com,2023-08-18,2027-08-17,Active
473,Emily,Allen,emily.allen473@example.com,2026-03-25,2027-03-25,Active
474,Elizabeth,Hernandez,elizabeth.hernandez474@example.com,2025-06-10,2027-06-10,Active
475,Mark,Davis,mark.davis475@example.com,2024-09-26,2025-09-26,Expired
476,Steven,Lewis,steven.lewis476@example.com,2022-10-05,2026-10-04,Active
477,Emily,Robinson,emily.robinson477@example.com,2022-01-15,2027-01-14,Active
478,James,Wilson,james.wilson478@example.com,2022-10-21,2026-10-20,Active
479,Paul,Brown,paul.brown479@example.com,2023-05-02,2027-05-01,Active
480,Donald,Williams,donald.williams480@example.com,2021-05-02,2022-05-02,Expired
481,William,Clark,william.clark481@example.com,2024-12-19,2026-12-19,Active
482,Matthew,Lewis,matthew.lewis482@example.com,2024-06-23,2025-06-23,Expired
483,Matthew,Harris,matthew.harris483@example.com,2021-09-13,2022-09-13,Expired
484,Paul,Rodriguez,paul.rodriguez484@example.com,2026-02-15,2027-02-15,Active
485,Linda,Lopez,linda.lopez485@example.com,2022-11-29,2023-11-29,Expired
486,James,Johnson,james.johnson486@example.com,2023-07-25,2026-07-24,Expired
487,Paul,Ramirez,paul.ramirez487@example.com,2024-11-25,2026-11-25,Active
488,Elizabeth,Moore,elizabeth.moore488@example.com,2023-08-05,2027-08-04,Active
489,Linda,Williams,linda.williams489@example.com,2025-07-08,2026-07-08,Expired
490,Mary,Thomas,mary.thomas490@example.com,2022-01-14,2025-01-13,Expired
491,Joshua,Williams,joshua.williams491@example.com,2025-06-02,2027-06-02,Active
492,Patricia,Thomas,patricia.thomas492@example.com,2024-01-27,2027-01-26,Active
493,Patricia,Rodriguez,patricia.rodriguez493@example.com,2022-06-04,2027-06-03,Active
494,Joseph,Torres,joseph.torres494@example.com,2023-10-02,2024-10-01,Expired
495,Christopher,Thomas,christopher.thomas495@example.com,2024-10-14,2026-10-14,Active
496,Kimberly,Anderson,kimberly.anderson496@example.com,2024-11-18,2025-11-18,Expired
497,Donna,Lopez,donna.lopez497@example.com,2024-04-04,2027-04-04,Active
498,Daniel,Harris,daniel.harris498@example.com,2023-01-24,2027-01-23,Active
499,Barbara,Wright,barbara.wright499@example.com,2022-03-03,2027-03-02,Active
500,Elizabeth,Robinson,elizabeth.robinson500@example.com,2023-12-03,2026-12-02,Active
